{"cameraMode":{"drawMode":0,"name":"Shaded","section":"Shading Mode"},"sceneLighting":false,"audioPlay":false,"sceneViewState":{"m_AlwaysRefresh":false,"showFog":true,"showSkybox":false,"showFlares":true,"showImageEffects":true,"showParticleSystems":true,"showVisualEffectGraphs":true,"m_FxEnabled":true},"in2DMode":false,"pivot":{"x":0.00610959529876709,"y":0.84029221534729,"z":0.031404078006744388},"rotation":{"x":0.4216908812522888,"y":0.004362916108220816,"z":-0.0020292201079428198,"w":0.9067370295524597},"size":1.1621416807174683,"orthographic":false}